"sample.depths","sample.ages","Acer.undiff.","Alnus.incana.type","Ambrosia.type","Artemisia","Bidens.type","Carya","Cephalanthus","Iva.annua.type","Cupressaceae","Cyperaceae","Fraxinus.nigra.type","Juglans.undiff.","Liquidambar","Nyssa","Pinus.subg..Pinus","Pinus.undiff.","Quercus","Rubus","Salix","Thalictrum","Ulmus","Populus","Poaceae","Acer.saccharum","Smilax","Polygonum.hydropiper.type","Acer.rubrum","Castanea","Amaranthaceae.undiff.","Fagus","Fraxinus.pennsylvanica.type","Ostrya.Carpinus","Betula","Fraxinus.undiff.","Juglans.cinerea","Juglans.nigra","Morus","Mentha.type","Asteraceae.subf..Cichorioideae","Lyonia","Celtis","Lamiaceae.undiff.","Spiraea.type","Asteraceae.subf..Asteroideae.undiff.","Acer.negundo","Rumex","Prunella.type","Viburnum","Sanguisorba.canadensis","Sanguinaria.canadensis","Fabaceae.undiff.","Amorpha","Sarcobatus.vermiculatus","Apiaceae","Rosaceae.undiff.","Plantago","Tilia","Corylus","Dalea","Larix","Picea","Platanus","Urtica.type","Brassicaceae","Acer.saccharinum","Toxicodendron","Abies","Prunus","Achillea.type","Myrica.type","Gaura","Epilobium","Cirsium.Carduus.type","Polygonum.aviculare.type","Ephedra","Primula","Caryophyllaceae","Potentilla","Sambucus","Xanthium","Saxifragaceae","Polygonum.viviparum.type","Shepherdia.canadensis","Acer.nigrum","Eupatorium.type","Ranunculaceae.undiff.","Circaea","Onagraceae.undiff."
0,-11,0.00206825232678387,0.00206825232678387,0.0289555325749741,0.0062047569803516,0.0103412616339193,0.0413650465356774,0.0372285418821096,0.0062047569803516,0.00413650465356774,0.0372285418821096,0.0124095139607032,0.00413650465356774,0.0062047569803516,0.103412616339193,0.147880041365047,0.0372285418821096,0.41158221302999,0.00206825232678387,0.0186142709410548,0.00206825232678387,0.0062047569803516,0.0103412616339193,0.0558428128231644,0.00206825232678387,0.00206825232678387,0.00206825232678387,0,0,0,0,0,0,0,0,0,0,0,0,0,0,0,0,0,0,0,0,0,0,0,0,0,0,0,0,0,0,0,0,0,0,0,0,0,0,0,0,0,0,0,0,0,0,0,0,0,0,0,0,0,0,0,0,0,0,0,0,0,0
20,1475,0.00550964187327824,0,0.0385674931129477,0.00275482093663912,0,0.0220385674931129,0.0798898071625344,0,0,0.00275482093663912,0.00826446280991736,0,0,0.126721763085399,0.0523415977961433,0.071625344352617,0.512396694214876,0,0,0,0.00826446280991736,0,0.0413223140495868,0.00275482093663912,0.00275482093663912,0.00275482093663912,0.00275482093663912,0.00275482093663912,0.00275482093663912,0.00275482093663912,0.00275482093663912,0.00550964187327824,0,0,0,0,0,0,0,0,0,0,0,0,0,0,0,0,0,0,0,0,0,0,0,0,0,0,0,0,0,0,0,0,0,0,0,0,0,0,0,0,0,0,0,0,0,0,0,0,0,0,0,0,0,0,0,0
30,2221,0.0044004400440044,0.0044004400440044,0.033003300330033,0.0088008800880088,0.0066006600660066,0.044004400440044,0.0528052805280528,0.0022002200220022,0,0.0132013201320132,0.0132013201320132,0.0022002200220022,0.0088008800880088,0.11001100110011,0.0616061606160616,0.0825082508250825,0.453245324532453,0,0,0,0.0022002200220022,0.0022002200220022,0.0572057205720572,0.0066006600660066,0.0022002200220022,0,0,0,0.0044004400440044,0,0.0044004400440044,0.0022002200220022,0.0022002200220022,0.0022002200220022,0.0022002200220022,0.0022002200220022,0.0044004400440044,0.0044004400440044,0,0,0,0,0,0,0,0,0,0,0,0,0,0,0,0,0,0,0,0,0,0,0,0,0,0,0,0,0,0,0,0,0,0,0,0,0,0,0,0,0,0,0,0,0,0,0,0,0,0
35,2595,0,0,0.03125,0.00446428571428571,0.00669642857142857,0,0.0625,0.00446428571428571,0,0.0133928571428571,0.00669642857142857,0,0.015625,0.127232142857143,0.0602678571428571,0.0870535714285714,0.466517857142857,0,0.00223214285714286,0,0.00669642857142857,0,0.0424107142857143,0,0,0.00446428571428571,0,0,0.00223214285714286,0,0.00223214285714286,0.0424107142857143,0.00223214285714286,0.00223214285714286,0,0.00223214285714286,0,0,0.00223214285714286,0.00223214285714286,0,0,0,0,0,0,0,0,0,0,0,0,0,0,0,0,0,0,0,0,0,0,0,0,0,0,0,0,0,0,0,0,0,0,0,0,0,0,0,0,0,0,0,0,0,0,0,0
40,2968,0,0.00246913580246914,0.0271604938271605,0.00493827160493827,0,0.037037037037037,0.0987654320987654,0.00246913580246914,0,0.00246913580246914,0.00493827160493827,0,0.00987654320987654,0.0888888888888889,0.0666666666666667,0.071604938271605,0.496296296296296,0,0.00246913580246914,0,0.00246913580246914,0.00246913580246914,0.054320987654321,0.00246913580246914,0,0,0,0,0,0,0,0.00246913580246914,0.00493827160493827,0.00246913580246914,0,0,0,0,0,0,0.00246913580246914,0.00246913580246914,0.00246913580246914,0.00493827160493827,0,0,0,0,0,0,0,0,0,0,0,0,0,0,0,0,0,0,0,0,0,0,0,0,0,0,0,0,0,0,0,0,0,0,0,0,0,0,0,0,0,0,0,0
45,3341,0,0.00225988700564972,0.0271186440677966,0.00225988700564972,0.00903954802259887,0.0429378531073446,0.0790960451977401,0.00225988700564972,0,0,0.00677966101694915,0.00225988700564972,0.00451977401129944,0.0790960451977401,0.0677966101694915,0.0870056497175141,0.494915254237288,0,0.00451977401129944,0,0.00225988700564972,0,0.0519774011299435,0,0,0.00225988700564972,0.00225988700564972,0,0.00225988700564972,0.00451977401129944,0.00225988700564972,0.00225988700564972,0.00225988700564972,0.00225988700564972,0,0.00225988700564972,0,0,0,0,0,0.00225988700564972,0,0.00451977401129944,0.00225988700564972,0.00225988700564972,0,0,0,0,0,0,0,0,0,0,0,0,0,0,0,0,0,0,0,0,0,0,0,0,0,0,0,0,0,0,0,0,0,0,0,0,0,0,0,0,0,0
50,3713,0.00210970464135021,0,0.0232067510548523,0.00210970464135021,0.0105485232067511,0.0337552742616034,0.132911392405063,0,0,0.0232067510548523,0.00421940928270042,0.00210970464135021,0.00632911392405063,0.00210970464135021,0.0253164556962025,0.029535864978903,0.483122362869198,0,0.0168776371308017,0.00421940928270042,0.0147679324894515,0,0.145569620253165,0.00843881856540084,0.00210970464135021,0,0,0,0,0,0,0.00421940928270042,0,0,0,0.00210970464135021,0,0,0,0,0.00210970464135021,0.0126582278481013,0,0.00210970464135021,0,0,0.00421940928270042,0,0,0,0,0,0,0,0,0,0,0,0,0,0,0,0,0,0,0,0,0,0,0,0,0,0,0,0,0,0,0,0,0,0,0,0,0,0,0,0,0
55,4083,0.00151630022744503,0.00151630022744503,0.0106141015921152,0.00758150113722517,0.0151630022744503,0.0181956027293404,0.22289613343442,0.00151630022744503,0,0.0227445034116755,0.0166793025018954,0.00151630022744503,0.0045489006823351,0.00758150113722517,0.0242608036391205,0.021986353297953,0.45489006823351,0,0.0136467020470053,0.00151630022744503,0.00758150113722517,0.00303260045489007,0.106141015921152,0,0,0.00303260045489007,0.00151630022744503,0,0.00151630022744503,0,0,0.00151630022744503,0,0,0,0.00151630022744503,0,0.00303260045489007,0,0,0,0.00606520090978014,0,0.00303260045489007,0,0,0.00758150113722517,0.00303260045489007,0.00151630022744503,0.00151630022744503,0,0,0,0,0,0,0,0,0,0,0,0,0,0,0,0,0,0,0,0,0,0,0,0,0,0,0,0,0,0,0,0,0,0,0,0,0,0
61,4525,0.001806684733514,0,0.01806684733514,0,0.007226738934056,0.03613369467028,0.160794941282746,0,0.001806684733514,0.028906955736224,0.00903342366757,0,0.003613369467028,0.007226738934056,0.030713640469738,0.038843721770551,0.46070460704607,0,0.00542005420054201,0.010840108401084,0.016260162601626,0.001806684733514,0.11743450767841,0,0,0.007226738934056,0,0,0,0,0.003613369467028,0.001806684733514,0.003613369467028,0,0,0,0,0,0,0,0,0.014453477868112,0,0,0,0,0.00903342366757,0,0,0,0.001806684733514,0.001806684733514,0,0,0,0,0,0,0,0,0,0,0,0,0,0,0,0,0,0,0,0,0,0,0,0,0,0,0,0,0,0,0,0,0,0,0,0
65,4818,0.00210970464135021,0,0.0253164556962025,0.00632911392405063,0.00843881856540084,0.0443037974683544,0.0485232067510548,0,0,0.0168776371308017,0.0126582278481013,0,0.00843881856540084,0.0105485232067511,0.00843881856540084,0.00843881856540084,0.582278481012658,0,0.00210970464135021,0.00632911392405063,0.00843881856540084,0.00210970464135021,0.172995780590717,0,0,0.00632911392405063,0.00210970464135021,0,0,0,0.00632911392405063,0,0.00210970464135021,0,0,0,0,0,0,0,0,0.00210970464135021,0,0.00421940928270042,0,0,0,0,0,0,0.00210970464135021,0,0,0,0,0,0,0,0,0,0,0,0,0,0,0,0,0,0,0,0,0,0,0,0,0,0,0,0,0,0,0,0,0,0,0,0,0
75,5544,0,0.002,0.014,0.002,0.002,0.034,0.018,0.002,0.004,0.05,0.024,0,0.004,0,0.004,0.004,0.626,0,0.006,0.006,0.012,0.004,0.154,0,0,0.002,0,0,0.004,0,0.002,0,0.002,0,0,0,0,0,0,0,0,0,0.002,0.004,0,0,0.002,0,0.002,0,0,0,0.002,0.002,0.002,0.002,0,0,0,0,0,0,0,0,0,0,0,0,0,0,0,0,0,0,0,0,0,0,0,0,0,0,0,0,0,0,0,0
86,6327,0,0.00148148148148148,0.0340740740740741,0.00148148148148148,0.00296296296296296,0.042962962962963,0.00296296296296296,0.00148148148148148,0,0.0251851851851852,0,0,0.00296296296296296,0.00148148148148148,0,0.00444444444444444,0.488888888888889,0,0.00592592592592593,0.00296296296296296,0.0177777777777778,0.00740740740740741,0.343703703703704,0,0,0.00148148148148148,0,0,0.00296296296296296,0,0,0,0.00296296296296296,0.00148148148148148,0,0,0,0,0,0,0.00148148148148148,0.00148148148148148,0,0,0,0,0,0,0,0,0,0,0,0,0,0,0,0,0,0,0,0,0,0,0,0,0,0,0,0,0,0,0,0,0,0,0,0,0,0,0,0,0,0,0,0,0,0
90,6607,0,0.00166251039068994,0.0598503740648379,0.00997506234413965,0.00498753117206983,0.0465502909393184,0.00831255195344971,0.00332502078137988,0,0.0232751454696592,0.00498753117206983,0.00332502078137988,0.00498753117206983,0.00166251039068994,0,0.000831255195344971,0.515378221113882,0,0.00997506234413965,0.00166251039068994,0.00665004156275977,0.00166251039068994,0.27597672485453,0,0,0,0,0,0.00332502078137988,0,0,0,0,0.00498753117206983,0,0.00166251039068994,0,0,0,0,0,0,0,0.00498753117206983,0,0,0,0,0,0,0,0,0,0,0,0,0,0,0,0,0,0,0,0,0,0,0,0,0,0,0,0,0,0,0,0,0,0,0,0,0,0,0,0,0,0,0,0
95,6953,0.00420168067226891,0,0.0441176470588235,0,0.00210084033613445,0.0504201680672269,0.0273109243697479,0.00420168067226891,0,0.0357142857142857,0.0168067226890756,0,0.00840336134453781,0.00210084033613445,0.00210084033613445,0.00210084033613445,0.539915966386555,0,0.00210084033613445,0.00210084033613445,0.00840336134453781,0.00210084033613445,0.210084033613445,0.00210084033613445,0,0.00420168067226891,0,0,0.00210084033613445,0,0,0,0.00630252100840336,0,0,0,0,0,0,0,0,0.00210084033613445,0.00210084033613445,0.0147058823529412,0,0,0,0,0,0,0,0,0,0.00210084033613445,0,0,0,0,0,0,0,0,0,0,0,0,0,0,0,0,0,0,0,0,0,0,0,0,0,0,0,0,0,0,0,0,0,0
99,7227,0.00172117039586919,0,0.0344234079173838,0.00516351118760757,0.00344234079173838,0.044750430292599,0.0120481927710843,0.00172117039586919,0,0.0309810671256454,0.00172117039586919,0,0.00172117039586919,0.00516351118760757,0,0.00172117039586919,0.540447504302926,0,0.0120481927710843,0.00344234079173838,0.00516351118760757,0,0.275387263339071,0,0,0.00344234079173838,0,0,0,0,0,0,0.00516351118760757,0.00172117039586919,0,0,0,0,0,0,0.00172117039586919,0,0,0.00516351118760757,0,0,0,0,0,0,0,0,0,0,0,0,0.00172117039586919,0,0,0,0,0,0,0,0,0,0,0,0,0,0,0,0,0,0,0,0,0,0,0,0,0,0,0,0,0,0,0
105,7632,0.00251256281407035,0,0.0351758793969849,0.00251256281407035,0.0050251256281407,0.0477386934673367,0.00753768844221105,0.0050251256281407,0,0.0301507537688442,0.0100502512562814,0,0.00251256281407035,0,0,0,0.648241206030151,0.00251256281407035,0.0100502512562814,0.00251256281407035,0.0150753768844221,0,0.14572864321608,0,0,0,0,0,0.0050251256281407,0,0.00251256281407035,0,0.0050251256281407,0.00251256281407035,0,0,0,0,0.00251256281407035,0,0.0050251256281407,0,0,0,0,0,0,0,0,0,0,0,0,0,0,0,0,0.0050251256281407,0,0,0,0,0,0,0,0,0,0,0,0,0,0,0,0,0,0,0,0,0,0,0,0,0,0,0,0,0,0
110,7963,0.00211416490486258,0.00211416490486258,0.0549682875264271,0,0.00211416490486258,0.0317124735729387,0.0211416490486258,0,0,0.0443974630021142,0.00422832980972516,0.00211416490486258,0,0,0,0,0.670190274841438,0,0.00634249471458774,0.00211416490486258,0.0232558139534884,0.0126849894291755,0.0761099365750529,0.00634249471458774,0.00845665961945032,0,0,0,0.00211416490486258,0,0,0,0.0105708245243129,0,0,0,0,0,0,0,0.00211416490486258,0,0,0.00845665961945032,0,0,0,0,0,0,0,0,0,0,0.00211416490486258,0,0,0.00422832980972516,0,0,0,0,0,0,0,0,0,0,0,0,0,0,0,0,0,0,0,0,0,0,0,0,0,0,0,0,0,0
115,8288,0,0,0.0537634408602151,0.00268817204301075,0.010752688172043,0.0537634408602151,0.0188172043010753,0.00268817204301075,0,0.043010752688172,0.00806451612903226,0.00268817204301075,0.00268817204301075,0,0,0.00537634408602151,0.674731182795699,0,0,0.00806451612903226,0.0134408602150538,0.00537634408602151,0.043010752688172,0,0,0.00268817204301075,0.00268817204301075,0,0.00268817204301075,0.00537634408602151,0,0,0.0161290322580645,0,0.00806451612903226,0.00268817204301075,0,0,0,0,0.00268817204301075,0,0,0.00268817204301075,0,0,0,0,0,0,0,0,0,0,0,0,0,0.00268817204301075,0.00268817204301075,0,0,0,0,0,0,0,0,0,0,0,0,0,0,0,0,0,0,0,0,0,0,0,0,0,0,0,0,0
135,9530,0.00562851782363977,0.00562851782363977,0.174484052532833,0.0131332082551595,0.0225140712945591,0.0787992495309568,0,0.00562851782363977,0,0.0806754221388368,0.0187617260787993,0.00187617260787992,0,0.00375234521575985,0,0.00562851782363977,0.317073170731707,0,0.00938086303939963,0.00187617260787992,0.0168855534709193,0.0075046904315197,0.118198874296435,0,0.0075046904315197,0.00375234521575985,0.00375234521575985,0,0,0,0.00375234521575985,0,0.00562851782363977,0.00187617260787992,0.00187617260787992,0,0,0,0,0,0.00375234521575985,0.00187617260787992,0.00562851782363977,0.0356472795497186,0,0,0,0,0,0,0,0,0,0,0,0,0.00375234521575985,0.00938086303939963,0.0112570356472795,0.00187617260787992,0.00375234521575985,0.00375234521575985,0.00187617260787992,0.00187617260787992,0,0,0,0,0,0,0,0,0,0,0,0,0,0,0,0,0,0,0,0,0,0,0,0
155,10673,0.00187090739008419,0.00561272217025257,0.106641721234799,0.00935453695042095,0.0130963517305893,0.127221702525725,0,0.00187090739008419,0,0.0542563143124415,0.0187090739008419,0.00374181478016838,0,0,0.00187090739008419,0.00187090739008419,0.404115996258185,0,0,0.00561272217025257,0.0280636108512629,0.00748362956033676,0.0636108512628625,0,0.00935453695042095,0,0.00187090739008419,0,0,0.00374181478016838,0,0,0.0112254443405051,0,0.00187090739008419,0,0,0,0,0,0,0,0.00374181478016838,0.0598690364826941,0.00187090739008419,0,0,0,0,0,0,0,0,0.00187090739008419,0,0,0,0.0261927034611787,0,0,0.0177736202057998,0,0,0,0.00374181478016838,0.00187090739008419,0,0,0,0,0,0,0,0,0,0,0,0,0,0,0,0,0,0,0,0,0,0
175,11717,0,0.00729040097205346,0.138517618469016,0.00972053462940462,0.0170109356014581,0.0972053462940462,0,0.00486026731470231,0,0.0145808019441069,0.0218712029161604,0,0.00243013365735115,0,0,0.00607533414337789,0.459295261239368,0,0.00729040097205346,0.00243013365735115,0.0170109356014581,0.00243013365735115,0.0291616038882139,0.0218712029161604,0,0.00486026731470231,0,0,0,0,0.00243013365735115,0,0.00729040097205346,0,0.00243013365735115,0.00243013365735115,0,0,0,0,0,0.00243013365735115,0.00243013365735115,0.0364520048602673,0,0,0,0.00243013365735115,0,0,0,0,0,0,0.00243013365735115,0,0.00243013365735115,0.0170109356014581,0,0,0.0486026731470231,0,0.00486026731470231,0,0,0,0.00243013365735115,0,0,0,0,0,0,0,0,0,0,0,0,0,0,0,0,0,0,0,0,0
195,12661,0,0.00454029511918275,0.170261066969353,0.0136208853575482,0.00681044267877412,0.0839954597048808,0.00227014755959137,0.00454029511918275,0,0.0249716231555051,0.0317820658342792,0.00227014755959137,0,0,0.00454029511918275,0.00454029511918275,0.392735527809308,0,0.00681044267877412,0.0113507377979569,0.0385925085130533,0,0.0522133938706016,0.0113507377979569,0,0.00681044267877412,0,0,0,0,0.00227014755959137,0,0.0136208853575482,0,0,0.00227014755959137,0,0,0,0,0,0.00227014755959137,0.00227014755959137,0.0431328036322361,0,0,0,0,0,0,0,0,0,0,0,0,0.00454029511918275,0.0272417707150965,0,0,0.0238365493757094,0,0,0,0,0,0,0.00227014755959137,0.00227014755959137,0,0,0,0,0,0,0,0,0,0,0,0,0,0,0,0,0,0,0
215,13507,0,0.00464037122969838,0.148491879350348,0.00696055684454756,0.0139211136890951,0.0719257540603248,0,0,0,0.0208816705336427,0.0719257540603248,0,0,0,0,0.00348027842227378,0.424593967517401,0,0.00232018561484919,0.00464037122969838,0.0232018561484919,0.00232018561484919,0.062645011600928,0.0116009280742459,0,0,0,0,0,0,0,0,0.0185614849187935,0.00928074245939675,0,0,0,0,0,0,0.00696055684454756,0.00232018561484919,0,0.0208816705336427,0,0,0,0,0,0,0,0,0,0.00464037122969838,0.00232018561484919,0,0.00232018561484919,0.0278422273781903,0,0,0.0243619489559165,0,0,0,0,0,0,0,0,0.00464037122969838,0.00232018561484919,0,0,0,0,0,0,0,0,0,0,0,0,0,0,0,0,0
235,14258,0,0.00633579725448786,0.111932418162619,0.0147835269271383,0.0211193241816262,0.0633579725448786,0,0,0,0.0380147835269271,0.0633579725448786,0,0,0,0.00422386483632524,0.00211193241816262,0.365364308342133,0,0.00633579725448786,0.00211193241816262,0.027455121436114,0,0.0570221752903907,0.00422386483632524,0.00422386483632524,0.00844772967265047,0,0,0,0,0.00422386483632524,0,0.0190073917634636,0.00211193241816262,0,0,0,0,0,0,0,0,0.00211193241816262,0.0380147835269271,0,0,0,0,0,0,0,0,0,0.00211193241816262,0.00211193241816262,0,0.00211193241816262,0.0253431890179514,0,0,0.085533262935586,0,0,0.00211193241816262,0,0,0.00211193241816262,0,0,0.00211193241816262,0,0.00211193241816262,0.00844772967265047,0,0,0,0,0,0,0,0,0,0,0,0,0,0,0
255,14919,0,0.0243013365735115,0.0267314702308627,0.0194410692588092,0.0194410692588092,0.00243013365735115,0,0.00243013365735115,0,0.031591737545565,0.170109356014581,0.00243013365735115,0,0,0,0.00972053462940462,0.403402187120292,0,0,0.00243013365735115,0.0121506682867558,0,0.0801944106925881,0.00972053462940462,0,0,0,0,0,0,0.00486026731470231,0,0.00972053462940462,0.00243013365735115,0,0.00243013365735115,0,0.00243013365735115,0,0,0,0.00486026731470231,0.00486026731470231,0.0243013365735115,0,0,0,0,0,0,0,0,0,0.00486026731470231,0.00729040097205346,0,0,0.0145808019441069,0,0,0.0911300121506683,0,0,0.00243013365735115,0,0,0.00243013365735115,0,0,0,0,0,0.00486026731470231,0,0,0,0,0,0,0,0,0,0,0,0,0,0,0
275,15497,0.00225479143179256,0.0270574971815107,0.0225479143179256,0.0180383314543405,0.0248027057497181,0,0,0,0.00225479143179256,0.0586245772266065,0.17587373167982,0,0,0,0.00450958286358512,0.0169109357384442,0.311161217587373,0,0.0225479143179256,0.00450958286358512,0.0112739571589628,0,0.0744081172491545,0.00450958286358512,0.0135287485907554,0.00225479143179256,0,0,0.00225479143179256,0,0.0157835400225479,0,0.0293122886133033,0.0157835400225479,0,0,0,0.00225479143179256,0,0,0,0,0,0.0248027057497181,0.00450958286358512,0,0,0.00225479143179256,0,0,0,0,0,0,0,0,0,0.0248027057497181,0,0,0.0642615558060879,0,0,0,0,0,0.0101465614430665,0,0,0.00225479143179256,0,0,0.00450958286358512,0,0,0,0,0,0,0,0,0,0,0,0,0,0,0
295,15997,0,0.0131004366812227,0.0152838427947598,0.0109170305676856,0.0218340611353712,0.00873362445414847,0,0,0.00218340611353712,0.104803493449782,0.174672489082969,0,0.00436681222707424,0,0.0109170305676856,0.0152838427947598,0.165938864628821,0,0.00655021834061135,0.00655021834061135,0.0109170305676856,0.00436681222707424,0.104803493449782,0,0.0109170305676856,0,0,0,0,0.00218340611353712,0.0131004366812227,0,0.00218340611353712,0,0,0,0,0,0,0,0,0,0,0.00436681222707424,0,0,0,0,0,0,0,0,0,0,0,0,0,0.0196506550218341,0,0.00218340611353712,0.233624454148472,0,0,0,0,0,0.0109170305676856,0,0.00655021834061135,0,0,0,0.00436681222707424,0.00436681222707424,0.00218340611353712,0.00218340611353712,0,0,0,0,0,0,0,0,0,0,0,0
315,16425,0.00493827160493827,0.0148148148148148,0.0222222222222222,0.0320987654320988,0.0172839506172839,0,0,0.00246913580246914,0,0.0172839506172839,0.234567901234568,0,0.00493827160493827,0,0.0123456790123457,0.0172839506172839,0.31358024691358,0.0123456790123457,0.00987654320987654,0.00740740740740741,0.00740740740740741,0,0.0469135802469136,0.00493827160493827,0,0,0,0,0,0,0.0123456790123457,0,0.00740740740740741,0.00740740740740741,0,0.00246913580246914,0,0,0,0,0,0,0,0.0222222222222222,0,0,0.00246913580246914,0,0,0,0,0,0,0.00987654320987654,0.00493827160493827,0,0,0.0123456790123457,0,0,0.133333333333333,0,0,0.00246913580246914,0,0,0,0,0,0,0,0,0,0,0,0,0,0,0,0,0,0,0,0,0,0,0,0
355,17089,0,0.0431965442764579,0.0280777537796976,0.0215982721382289,0.0172786177105832,0,0,0.00215982721382289,0.0129589632829374,0.0842332613390929,0.159827213822894,0,0,0,0.019438444924406,0.0215982721382289,0.215982721382289,0,0.0280777537796976,0.0129589632829374,0.00647948164146868,0,0.0885529157667387,0,0.00215982721382289,0,0.00215982721382289,0,0.00431965442764579,0,0.0215982721382289,0,0.00863930885529158,0.00647948164146868,0,0,0,0.00215982721382289,0,0,0,0,0,0.0107991360691145,0,0,0,0.00215982721382289,0.00215982721382289,0,0,0,0,0.00215982721382289,0,0,0,0.0280777537796976,0,0,0.133909287257019,0,0,0.00215982721382289,0,0,0.00647948164146868,0,0,0,0,0,0.00215982721382289,0,0,0,0,0,0,0,0,0,0,0,0,0,0,0
415,17702,0,0.0459770114942529,0.0275862068965517,0.0298850574712644,0.0229885057471264,0,0,0.00459770114942529,0.00229885057471264,0.0436781609195402,0.0919540229885057,0,0,0,0.00689655172413793,0.032183908045977,0.236781609195402,0,0.0114942528735632,0.00919540229885057,0.00689655172413793,0,0.0574712643678161,0,0,0,0,0.00229885057471264,0.00689655172413793,0,0.0137931034482759,0,0.00919540229885057,0.00459770114942529,0,0,0,0,0,0,0,0,0.0137931034482759,0.00459770114942529,0.00229885057471264,0,0.00229885057471264,0,0.00229885057471264,0,0,0,0,0.00689655172413793,0.00229885057471264,0,0,0.0275862068965517,0,0,0.255172413793103,0,0,0,0,0,0.00919540229885057,0,0,0,0,0,0.00229885057471264,0,0,0,0.00229885057471264,0.00229885057471264,0,0,0,0,0,0,0,0,0,0
455,17928,0.0023696682464455,0.042654028436019,0.0308056872037915,0.037914691943128,0.009478672985782,0.004739336492891,0,0.004739336492891,0,0.0355450236966825,0.104265402843602,0,0,0,0.0118483412322275,0.04739336492891,0.222748815165877,0,0,0,0.004739336492891,0,0.0308056872037915,0.004739336492891,0,0,0,0,0.009478672985782,0,0.009478672985782,0,0.0308056872037915,0,0,0.0023696682464455,0,0,0,0,0,0.0023696682464455,0.0213270142180095,0.023696682464455,0,0,0,0,0,0,0,0,0,0.009478672985782,0.00710900473933649,0.0023696682464455,0,0.0308056872037915,0,0,0.239336492890995,0,0,0,0,0,0.009478672985782,0,0,0,0,0,0,0,0,0.0023696682464455,0,0.004739336492891,0,0,0,0,0,0,0,0,0,0
495,18066,0,0.0348692403486924,0.0149439601494396,0.0323785803237858,0.0024906600249066,0,0,0.0024906600249066,0.0024906600249066,0.0448318804483188,0.12453300124533,0,0,0,0.012453300124533,0.0361145703611457,0.164383561643836,0.0024906600249066,0.0074719800747198,0.0174346201743462,0.0024906600249066,0,0.0273972602739726,0,0,0.0024906600249066,0,0,0.0024906600249066,0,0.0074719800747198,0,0.0149439601494396,0.0099626400996264,0,0,0,0.0024906600249066,0,0,0,0.0024906600249066,0.0224159402241594,0.012453300124533,0,0,0,0,0,0,0,0,0,0.0049813200498132,0,0,0,0.0099626400996264,0,0,0.339975093399751,0,0,0,0.0049813200498132,0,0.0186799501867995,0,0,0,0,0,0.0049813200498132,0,0,0.0024906600249066,0.0024906600249066,0.0049813200498132,0,0,0,0,0,0,0,0,0,0
555,18187,0,0.052757793764988,0.0143884892086331,0.0479616306954436,0.0119904076738609,0,0,0,0,0.0407673860911271,0.100719424460432,0.00239808153477218,0,0,0.0167865707434053,0.0599520383693046,0.172661870503597,0,0.0119904076738609,0.0119904076738609,0.00239808153477218,0,0.0359712230215827,0,0.00239808153477218,0,0,0,0.00239808153477218,0,0.00239808153477218,0,0.0215827338129496,0,0.00239808153477218,0,0,0.00239808153477218,0,0,0,0.00479616306954436,0.00959232613908873,0.0167865707434053,0,0,0,0,0.00239808153477218,0,0,0,0,0.00239808153477218,0,0,0,0.00479616306954436,0,0,0.308153477218225,0,0,0,0,0,0.0251798561151079,0,0,0.00239808153477218,0,0,0.00239808153477218,0,0,0,0,0.00239808153477218,0.00239808153477218,0,0,0,0,0,0,0,0,0
575,18215,0.00273224043715847,0.0300546448087432,0.0136612021857923,0.00819672131147541,0.00819672131147541,0.00273224043715847,0,0,0.00273224043715847,0.0245901639344262,0.0792349726775956,0,0,0,0.0437158469945355,0.0450819672131148,0.10655737704918,0,0.00546448087431694,0.0136612021857923,0.00273224043715847,0,0.040983606557377,0,0.00546448087431694,0,0.00273224043715847,0,0,0,0.00273224043715847,0,0.00273224043715847,0,0,0,0.00273224043715847,0.00273224043715847,0,0,0,0.00273224043715847,0,0.00819672131147541,0,0,0,0,0,0,0,0,0,0.00273224043715847,0,0,0,0.00819672131147541,0,0,0.487704918032787,0,0,0.00546448087431694,0,0,0.0327868852459016,0,0,0,0,0,0,0,0,0,0,0.00273224043715847,0,0,0,0,0,0,0,0,0,0
615,18269,0,0.00892857142857143,0.0200892857142857,0.0334821428571429,0.0111607142857143,0,0.00446428571428571,0,0.00223214285714286,0.0446428571428571,0.0446428571428571,0,0,0,0.0625,0.172991071428571,0.109375,0.00223214285714286,0.0290178571428571,0.00892857142857143,0.00223214285714286,0,0.0691964285714286,0.00223214285714286,0.00446428571428571,0,0,0,0.00223214285714286,0,0,0,0.00223214285714286,0.00223214285714286,0,0,0,0.00223214285714286,0,0,0,0,0.015625,0.00892857142857143,0,0,0,0.00223214285714286,0,0,0,0,0,0.00223214285714286,0.00223214285714286,0,0,0.00223214285714286,0,0,0.3046875,0,0,0.00669642857142857,0,0,0.00223214285714286,0,0,0,0,0,0.00669642857142857,0,0,0,0.00223214285714286,0,0,0.00223214285714286,0,0,0,0,0,0,0,0
635,18300,0,0.035799522673031,0.0119331742243437,0.0119331742243437,0.00477326968973747,0.00238663484486874,0,0.00954653937947494,0.00954653937947494,0.0143198090692124,0.0286396181384248,0,0,0,0.0644391408114559,0.118138424821002,0.136038186157518,0,0.0167064439140811,0.0119331742243437,0,0,0.0859188544152745,0,0.0286396181384248,0,0,0,0.0071599045346062,0,0.00238663484486874,0,0.00477326968973747,0.00238663484486874,0,0,0,0,0.00477326968973747,0,0,0,0,0.0405727923627685,0,0,0,0,0,0,0,0,0,0.00954653937947494,0,0,0,0.0071599045346062,0,0.00477326968973747,0.323389021479714,0,0,0,0,0,0,0,0,0,0,0,0,0,0,0,0,0,0,0,0.00238663484486874,0,0,0,0,0,0,0
655,18337,0.00709219858156028,0.0921985815602837,0.0638297872340425,0,0,0,0,0,0,0,0,0,0,0,0.0851063829787234,0.109929078014184,0.120567375886525,0,0.049645390070922,0.0141843971631206,0,0,0.099290780141844,0,0.0141843971631206,0.00709219858156028,0,0.00709219858156028,0,0,0,0,0.0283687943262411,0,0,0,0,0,0,0,0,0,0,0.00709219858156028,0,0,0,0.00709219858156028,0,0,0,0,0,0.0141843971631206,0,0,0,0.0354609929078014,0,0,0.195035460992908,0,0,0.0212765957446809,0,0,0,0,0,0.00709219858156028,0,0,0,0,0,0,0,0,0,0,0.0141843971631206,0,0,0,0,0,0,0
695,18452,0.0054421768707483,0.0136054421768707,0.0136054421768707,0.0136054421768707,0.0136054421768707,0.0054421768707483,0,0,0.00272108843537415,0.0326530612244898,0.0108843537414966,0.00272108843537415,0,0,0.148299319727891,0.379591836734694,0.0979591836734694,0,0.0054421768707483,0.0054421768707483,0.00272108843537415,0,0.00816326530612245,0.0054421768707483,0,0.00272108843537415,0,0,0,0,0,0,0.0054421768707483,0,0,0,0,0,0,0,0,0.0054421768707483,0.0054421768707483,0.0217687074829932,0,0,0,0,0,0,0,0,0,0,0.0054421768707483,0,0,0.0054421768707483,0,0,0.164625850340136,0,0,0,0,0,0.00816326530612245,0,0,0,0,0,0.00272108843537415,0,0,0,0.00272108843537415,0,0,0,0,0.00272108843537415,0,0,0,0,0,0
735,18619,0,0.00991325898389095,0.00743494423791822,0.00991325898389095,0.0247831474597274,0,0,0.00247831474597274,0,0.0495662949194548,0.00991325898389095,0.00247831474597274,0,0,0.18091697645601,0.281288723667906,0.0520446096654275,0.00247831474597274,0.00991325898389095,0.00247831474597274,0,0,0.0272614622057001,0,0.00991325898389095,0,0,0,0,0,0,0,0.00495662949194548,0,0,0,0,0,0.00247831474597274,0,0,0,0.00495662949194548,0.0272614622057001,0,0,0.00247831474597274,0.00247831474597274,0.00247831474597274,0,0,0,0,0.00247831474597274,0,0,0,0.00247831474597274,0,0,0.246592317224287,0,0,0,0,0,0.00619578686493185,0,0,0,0,0,0,0,0,0,0,0.00495662949194548,0,0,0,0,0.00247831474597274,0.00247831474597274,0.00247831474597274,0,0,0
775,18824,0.00260416666666667,0.0104166666666667,0.0130208333333333,0.0078125,0.0130208333333333,0,0,0.00260416666666667,0,0.00520833333333333,0.00260416666666667,0,0.00260416666666667,0,0.200520833333333,0.321614583333333,0.0755208333333333,0,0,0.0078125,0,0,0.0078125,0,0.0104166666666667,0,0,0,0,0,0.00260416666666667,0,0,0,0,0,0,0,0,0,0,0,0.00260416666666667,0.0286458333333333,0,0,0,0,0,0,0,0,0,0.00260416666666667,0.00260416666666667,0,0,0.00260416666666667,0,0,0.251302083333333,0,0,0,0,0,0.00260416666666667,0,0,0,0,0.00260416666666667,0.0130208333333333,0,0,0,0,0,0,0,0,0,0.00260416666666667,0,0,0.00260416666666667,0,0
815,19052,0,0.010840108401084,0.00542005420054201,0.016260162601626,0.008130081300813,0,0,0.002710027100271,0,0.029810298102981,0.008130081300813,0,0,0,0.0609756097560976,0.203252032520325,0.048780487804878,0,0.002710027100271,0.008130081300813,0,0,0.013550135501355,0.002710027100271,0,0,0,0,0.002710027100271,0,0,0,0.00542005420054201,0,0,0,0,0,0.002710027100271,0,0,0.008130081300813,0.002710027100271,0.029810298102981,0,0,0,0,0.002710027100271,0,0,0,0,0,0,0,0,0,0,0,0.5,0,0,0,0,0,0.013550135501355,0,0,0,0,0.002710027100271,0.002710027100271,0,0,0,0.002710027100271,0.002710027100271,0,0,0,0,0,0,0,0,0,0
856,19295,0,0.0225,0.015,0.0125,0.0175,0.0025,0,0.0025,0.005,0.03,0.0025,0,0,0,0.1425,0.25375,0.075,0,0.0025,0.035,0,0,0.04,0,0,0.0025,0,0,0,0,0.0025,0,0.0075,0,0,0,0,0,0.0025,0,0,0.0025,0.01,0.02,0,0,0.005,0,0,0,0,0,0,0.0025,0,0,0,0.01,0,0,0.26875,0,0,0,0,0,0,0,0,0,0,0,0.005,0,0,0,0,0,0,0,0,0,0,0.0025,0,0,0,0
915,19626,0,0.0170316301703163,0.0145985401459854,0.024330900243309,0.0024330900243309,0.0048661800486618,0,0,0.0024330900243309,0.0413625304136253,0.0024330900243309,0,0,0,0.144768856447689,0.305352798053528,0.0608272506082725,0,0.0218978102189781,0.024330900243309,0.0024330900243309,0,0.0656934306569343,0,0,0,0,0.0024330900243309,0.0024330900243309,0,0.0024330900243309,0,0.0048661800486618,0,0,0,0,0,0.0024330900243309,0,0,0,0,0.0389294403892944,0,0,0,0,0,0,0,0,0,0.0121654501216545,0,0,0,0.0170316301703163,0,0.0024330900243309,0.172749391727494,0,0,0,0,0,0,0,0,0,0,0,0,0,0,0,0.0024330900243309,0,0.0048661800486618,0,0,0,0,0,0,0,0,0
935,19726,0,0.0231749710312862,0.0208574739281576,0.0162224797219003,0.0208574739281576,0.00231749710312862,0,0.00463499420625724,0,0.0602549246813441,0.0278099652375435,0,0,0,0.085747392815759,0.113557358053302,0.085747392815759,0.00231749710312862,0.0139049826187717,0.0231749710312862,0.00463499420625724,0,0.0417149478563152,0.00231749710312862,0.00463499420625724,0,0,0,0,0,0,0,0.0139049826187717,0,0,0,0,0,0,0,0,0,0.0139049826187717,0.0162224797219003,0,0,0.00463499420625724,0,0,0,0.00231749710312862,0,0,0,0,0,0,0.00695249130938586,0,0,0.358053302433372,0,0,0,0,0,0.00695249130938586,0,0,0,0,0,0.00463499420625724,0,0,0,0,0.00695249130938586,0,0,0,0,0.00463499420625724,0.00231749710312862,0,0,0.00463499420625724,0
955,19817,0.00518806744487678,0.0337224383916991,0.00518806744487678,0.0181582360570687,0.0207522697795071,0.00518806744487678,0,0,0,0.0207522697795071,0.0155642023346304,0,0,0,0.0881971465629053,0.141374837872892,0.0933852140077821,0.00259403372243839,0.0155642023346304,0.012970168612192,0,0,0.0233463035019455,0,0,0,0,0,0.00259403372243839,0,0.00259403372243839,0,0.0103761348897536,0.00518806744487678,0,0.00518806744487678,0,0,0,0,0,0,0.0155642023346304,0.012970168612192,0,0,0.00259403372243839,0,0,0,0,0,0,0.00778210116731518,0,0,0,0.0155642023346304,0,0,0.378728923476005,0,0,0.00778210116731518,0,0,0.00518806744487678,0,0,0,0,0,0.00259403372243839,0.00259403372243839,0,0,0.00259403372243839,0.012970168612192,0,0,0,0.00259403372243839,0,0,0,0.00259403372243839,0,0
995,19974,0.00213675213675214,0.0192307692307692,0.032051282051282,0.0277777777777778,0.0106837606837607,0,0,0,0,0.061965811965812,0.0128205128205128,0,0,0,0.0641025641025641,0.123931623931624,0.121794871794872,0.00213675213675214,0.00641025641025641,0.0213675213675214,0.00854700854700855,0,0.0555555555555556,0.00213675213675214,0.00213675213675214,0,0,0,0.00854700854700855,0,0.00213675213675214,0,0.0128205128205128,0,0,0,0,0,0,0,0,0.00213675213675214,0.0170940170940171,0.0192307692307692,0,0,0,0,0,0,0,0,0,0.00213675213675214,0,0,0,0.0170940170940171,0,0,0.307692307692308,0,0.00213675213675214,0,0,0,0.00427350427350427,0,0.00427350427350427,0,0,0,0.00213675213675214,0,0,0,0,0.00427350427350427,0,0,0,0,0.00427350427350427,0.014957264957265,0,0,0,0
1035,20103,0,0.00280112044817927,0.00560224089635854,0.00560224089635854,0.00560224089635854,0,0,0,0,0.0196078431372549,0,0,0,0,0.240896358543417,0.387955182072829,0.0560224089635854,0.00280112044817927,0.00840336134453781,0.00280112044817927,0.00280112044817927,0,0.0224089635854342,0,0,0,0,0.00280112044817927,0,0,0,0,0.00280112044817927,0,0,0,0,0.00280112044817927,0.00560224089635854,0,0,0,0.0140056022408964,0.0196078431372549,0,0,0,0,0.00280112044817927,0,0,0,0,0,0,0,0,0.00560224089635854,0,0,0.166666666666667,0,0,0,0,0,0,0,0,0,0,0,0,0,0,0.00560224089635854,0,0.00560224089635854,0,0.00280112044817927,0,0,0,0,0,0,0,0
1059,20169,0,0.0127551020408163,0.0178571428571429,0.0204081632653061,0.0153061224489796,0.00255102040816327,0,0.00255102040816327,0.00255102040816327,0.0561224489795918,0,0,0,0,0.168367346938776,0.366071428571429,0.076530612244898,0,0.00255102040816327,0.0102040816326531,0.00255102040816327,0,0.0280612244897959,0,0,0,0,0,0.00255102040816327,0,0,0,0.0076530612244898,0.00510204081632653,0,0,0,0,0,0,0,0,0,0.0153061224489796,0,0,0,0,0,0,0,0,0,0.00255102040816327,0,0,0,0.0127551020408163,0,0,0.136479591836735,0,0,0,0,0,0.0127551020408163,0,0.00255102040816327,0.00255102040816327,0,0,0.00255102040816327,0,0,0,0,0,0.00255102040816327,0.0076530612244898,0,0,0.00255102040816327,0,0,0,0,0
1095,20256,0,0.00873362445414847,0.0174672489082969,0.0145560407569141,0.00873362445414847,0,0,0,0,0.0320232896652111,0.00873362445414847,0,0,0,0.241630276564774,0.212518195050946,0.0349344978165939,0,0.00582241630276565,0.00291120815138282,0.00291120815138282,0,0.0116448326055313,0,0,0,0,0,0,0,0,0,0.00291120815138282,0,0,0,0,0,0,0,0,0,0,0.00873362445414847,0.00582241630276565,0,0,0.00291120815138282,0.00291120815138282,0,0,0,0,0.00291120815138282,0,0,0,0.00873362445414847,0,0,0.344978165938865,0,0,0,0,0,0.0145560407569141,0,0.00291120815138282,0,0,0,0,0,0,0,0,0,0,0,0,0,0,0,0,0,0,0
1115,20299,0,0.0292164674634794,0.0185922974767596,0.0239043824701195,0.00796812749003984,0,0,0,0,0.0318725099601594,0.0132802124833997,0,0,0,0.098273572377158,0.200531208499336,0.0690571049136786,0,0.0159362549800797,0.00265604249667995,0.00265604249667995,0,0.0212483399734396,0.00265604249667995,0,0.00265604249667995,0,0,0.00265604249667995,0,0.00531208499335989,0,0.00265604249667995,0.00265604249667995,0,0,0,0,0,0,0,0.00796812749003984,0.0212483399734396,0.0132802124833997,0,0,0,0,0,0,0,0,0,0.00265604249667995,0.00531208499335989,0,0,0.0159362549800797,0,0,0.354581673306773,0,0,0.00531208499335989,0,0,0.00929614873837981,0,0.00265604249667995,0,0.00265604249667995,0,0,0,0,0,0,0,0,0,0,0,0.00265604249667995,0,0,0.00265604249667995,0,0
1155,20379,0,0.0326086956521739,0.00543478260869565,0.0244565217391304,0.00815217391304348,0,0,0,0.00271739130434783,0.0543478260869565,0.016304347826087,0,0.00271739130434783,0,0.183423913043478,0.095108695652174,0.0652173913043478,0.0108695652173913,0.0217391304347826,0.00271739130434783,0.00271739130434783,0,0.046195652173913,0,0,0,0.00271739130434783,0.00543478260869565,0,0,0.0108695652173913,0,0.00543478260869565,0,0,0,0,0,0,0,0,0,0,0.00271739130434783,0,0,0,0,0.00543478260869565,0,0,0,0,0,0.00543478260869565,0,0,0.0244565217391304,0,0.00543478260869565,0.334239130434783,0,0,0,0,0,0.014945652173913,0,0,0,0,0,0,0,0,0,0,0.00271739130434783,0.00271739130434783,0,0,0,0,0,0,0,0,0.00271739130434783
1192,NA,0,0.0135135135135135,0.009009009009009,0.0292792792792793,0.00675675675675676,0.00225225225225225,0,0,0.00225225225225225,0.0675675675675676,0.0405405405405405,0,0,0,0.063063063063063,0.0472972972972973,0.072072072072072,0.00225225225225225,0.0225225225225225,0.0292792792792793,0.00225225225225225,0,0.0923423423423423,0,0,0,0,0,0.0045045045045045,0,0.00225225225225225,0,0.00675675675675676,0.0045045045045045,0,0,0,0.00225225225225225,0,0,0,0,0.0135135135135135,0.0157657657657658,0,0,0,0,0.0157657657657658,0,0,0,0,0.00675675675675676,0,0,0,0.0112612612612613,0,0,0.369369369369369,0,0,0,0,0,0.0202702702702703,0,0.00225225225225225,0,0,0,0.0045045045045045,0,0,0,0.0045045045045045,0.0112612612612613,0,0,0,0,0.00225225225225225,0,0,0,0,0
