"sample.depths","sample.ages","upland.sum","Betula","Carya","Ericaceae","Ilex","Juglans.cinerea","Pinus.subg..Pinus","Pinus.subg..Strobus","Pinus.undiff.","Quercus","Rumex","Asteraceae.subf..Asteroideae.undiff.","Ulmus","Alnus","Ambrosia","Fraxinus","Myricaceae","Poaceae","Plantago","Castanea.dentata","Tsuga.canadensis","Fagus.grandifolia","Acer.rubrum","Ostrya.Carpinus","Salix","Populus","Amaranthaceae","Larix.laricina","Liquidambar.styraciflua","Liriodendron.tulipifera","Acer.undiff.","Juglans.nigra","Corylus","Nyssa","Picea","Tilia.americana","Cupressaceae","Artemisia","Caryophyllaceae","Rubus","Lamiaceae","Apiaceae","Oenothera","Cyperaceae","Polygonum","Asteraceae.subf..Cichorioideae","Verbena","Abies","Thalictrum","Sanguisorba"
10,45,347,37,6,4,2,3,1,3,12,163,1,6,7,19,43,11,3,16,6,1,2,1,0,0,0,0,0,0,0,0,0,0,0,0,0,0,0,0,0,0,0,0,0,0,0,0,0,0,0,0
20,89,330,58,7,0,1,6,0,6,8,112,1,13,5,20,38,1,2,21,3,2,10,2,2,2,2,4,1,1,1,1,0,0,0,0,0,0,0,0,0,0,0,0,0,0,0,0,0,0,0,0
30,134,369,34,9,0,0,3,3,2,20,134,1,31,4,32,28,3,5,15,3,11,18,3,2,2,2,0,0,0,0,1,1,2,0,0,0,0,0,0,0,0,0,0,0,0,0,0,0,0,0,0
40,178,357,41,10,1,2,4,0,2,27,115,0,3,4,26,31,2,2,18,1,19,29,8,3,1,0,0,0,0,0,0,1,1,3,1,2,0,0,0,0,0,0,0,0,0,0,0,0,0,0,0
50,257,361,32,12,0,1,3,1,6,37,165,2,10,2,19,4,3,2,2,0,2,43,4,0,1,1,1,0,1,0,1,2,0,0,2,1,1,0,0,0,0,0,0,0,0,0,0,0,0,0,0
60,370,286,28,11,0,0,1,0,2,29,150,0,2,2,8,2,1,12,4,0,4,16,5,0,2,2,0,0,0,0,2,0,0,2,1,0,0,0,0,0,0,0,0,0,0,0,0,0,0,0,0
70,482,361,43,34,0,0,1,0,3,23,177,0,3,5,5,0,0,2,0,0,8,30,11,0,3,1,0,0,1,0,1,0,0,4,5,0,0,1,0,0,0,0,0,0,0,0,0,0,0,0,0
80,595,353,37,28,0,0,2,0,2,24,184,0,0,2,11,0,0,3,0,0,5,40,9,0,0,0,0,0,0,0,2,4,0,0,0,0,0,0,0,0,0,0,0,0,0,0,0,0,0,0,0
90,708,321,29,13,1,2,2,0,0,11,199,0,1,0,13,1,0,0,2,0,8,12,11,0,8,0,0,0,0,0,0,5,0,2,0,0,1,0,0,0,0,0,0,0,0,0,0,0,0,0,0
100,821,321,43,6,0,0,5,1,0,8,200,0,5,2,8,2,1,5,2,0,11,5,5,3,3,4,0,0,0,0,0,0,0,2,0,0,0,0,0,0,0,0,0,0,0,0,0,0,0,0,0
110,934,383,40,22,1,0,2,0,0,20,201,0,4,2,13,0,3,4,1,0,22,14,12,2,6,1,0,0,0,0,0,5,1,5,0,0,1,1,0,0,0,0,0,0,0,0,0,0,0,0,0
120,1046,333,31,28,1,0,3,0,0,30,155,0,6,5,4,2,0,1,1,0,15,19,19,0,1,0,4,0,0,0,0,3,0,3,0,1,1,0,0,0,0,0,0,0,0,0,0,0,0,0,0
130,1159,334,33,18,0,0,3,0,0,14,204,0,4,6,9,0,6,1,0,0,10,8,11,0,2,0,0,0,0,0,0,4,0,0,0,0,1,0,0,0,0,0,0,0,0,0,0,0,0,0,0
140,1272,269,26,19,2,0,0,1,0,24,138,0,4,4,12,0,5,4,2,0,8,8,4,0,0,2,5,0,0,1,0,0,0,0,0,0,0,0,0,0,0,0,0,0,0,0,0,0,0,0,0
150,1385,354,31,19,1,0,0,0,2,20,214,0,1,3,10,0,10,1,1,0,14,4,10,2,1,0,7,0,0,0,0,2,0,1,0,0,0,0,0,0,0,0,0,0,0,0,0,0,0,0,0
160,1498,374,47,28,0,1,1,0,0,21,202,0,2,3,18,0,6,0,0,0,7,9,17,0,5,0,3,0,0,0,0,3,0,0,0,1,0,0,0,0,0,0,0,0,0,0,0,0,0,0,0
170,1611,327,29,18,0,0,2,0,0,22,193,0,0,2,9,1,3,1,5,0,3,14,11,0,0,1,4,0,0,0,0,7,0,0,0,0,2,0,0,0,0,0,0,0,0,0,0,0,0,0,0
180,1723,347,38,24,0,1,3,0,0,24,189,0,2,4,11,0,1,10,4,0,4,18,5,0,1,3,0,0,0,0,0,0,0,3,0,0,1,0,1,0,0,0,0,0,0,0,0,0,0,0,0
190,1836,364,24,11,0,0,2,0,0,18,213,0,5,6,13,0,10,6,3,0,10,10,14,2,4,0,0,0,0,0,0,6,0,7,0,0,0,0,0,0,0,0,0,0,0,0,0,0,0,0,0
200,1949,370,32,19,1,0,0,0,0,22,197,0,2,6,15,0,9,1,1,0,7,16,19,0,8,2,0,0,0,0,2,7,0,3,0,0,1,0,0,0,0,0,0,0,0,0,0,0,0,0,0
205,1998,380,48,18,0,0,3,0,0,28,186,0,2,4,24,0,7,4,1,0,14,17,17,0,0,0,1,0,0,1,0,3,0,0,0,0,1,1,0,0,0,0,0,0,0,0,0,0,0,0,0
210,2039,342,27,8,0,0,0,0,1,10,189,0,2,7,13,0,10,3,3,0,17,5,26,0,9,0,3,0,0,0,0,6,0,3,0,0,0,0,0,0,0,0,0,0,0,0,0,0,0,0,0
215,2081,306,20,8,0,1,1,0,1,21,150,0,0,4,22,0,5,8,0,0,19,15,13,0,9,1,0,1,1,0,0,5,0,0,0,0,1,0,0,0,0,0,0,0,0,0,0,0,0,0,0
220,2122,317,43,21,0,0,5,4,0,17,142,0,2,1,13,0,4,7,0,0,17,18,10,4,1,4,0,0,0,0,0,0,0,3,0,0,1,0,0,0,0,0,0,0,0,0,0,0,0,0,0
225,2164,326,35,11,0,0,2,0,6,30,162,0,2,2,17,0,6,1,2,0,11,12,9,2,9,0,1,0,0,0,0,4,0,1,0,0,0,1,0,0,0,0,0,0,0,0,0,0,0,0,0
230,2205,359,28,13,1,0,3,0,2,18,173,0,3,8,25,0,5,6,1,1,22,7,18,1,8,0,0,0,1,0,0,7,0,5,0,0,0,1,0,1,1,0,0,0,0,0,0,0,0,0,0
235,2247,339,27,23,0,0,2,0,0,28,163,0,4,3,14,0,11,5,1,0,11,18,13,0,6,0,1,0,2,0,0,4,0,2,0,0,0,0,0,1,0,0,0,0,0,0,0,0,0,0,0
240,2288,325,30,9,1,0,0,0,0,13,182,0,1,7,12,0,10,7,1,0,18,1,14,0,5,0,2,0,1,0,0,5,0,5,0,0,0,0,0,0,0,1,0,0,0,0,0,0,0,0,0
245,2330,330,29,27,0,1,0,0,0,26,187,0,1,4,5,0,3,1,0,0,5,12,19,0,6,0,1,0,0,0,0,2,0,0,0,0,1,0,0,0,0,0,0,0,0,0,0,0,0,0,0
250,2371,334,28,13,1,1,3,0,2,14,175,0,1,7,17,0,9,2,1,1,28,5,14,0,7,1,1,0,0,1,0,1,0,1,0,0,0,0,0,0,0,0,0,0,0,0,0,0,0,0,0
255,2413,315,24,27,1,2,1,0,0,25,179,0,0,2,11,0,2,2,0,0,6,20,6,0,2,0,0,0,0,0,0,3,0,1,0,0,0,0,0,1,0,0,0,0,0,0,0,0,0,0,0
260,2454,358,30,23,0,0,0,0,0,15,187,0,1,7,30,0,3,7,3,0,14,7,14,4,6,3,0,0,0,0,0,1,0,0,1,0,1,1,0,0,0,0,0,0,0,0,0,0,0,0,0
265,2496,351,42,3,0,2,0,0,0,11,185,0,3,3,29,0,12,9,3,0,20,4,8,3,5,3,0,0,0,1,0,3,0,1,0,0,1,0,0,0,0,0,0,0,0,0,0,0,0,0,0
270,2537,333,27,24,0,1,3,0,1,14,152,0,1,6,25,0,3,3,1,0,26,8,11,1,8,0,4,1,0,0,0,6,0,7,0,0,0,0,0,0,0,0,0,0,0,0,0,0,0,0,0
275,2579,300,42,2,0,0,0,0,0,1,126,0,0,3,38,0,21,7,0,2,19,1,6,2,13,3,2,0,0,0,0,2,0,9,0,0,1,0,0,0,0,0,0,0,0,0,0,0,0,0,0
280,2620,330,26,13,0,0,3,0,0,12,167,0,2,6,34,0,3,0,2,0,13,7,15,0,4,1,1,0,0,1,0,5,0,12,0,0,2,0,0,0,0,1,0,0,0,0,0,0,0,0,0
285,2662,329,44,4,0,0,1,0,0,6,199,0,2,6,19,0,8,3,2,1,18,4,2,1,3,0,0,0,0,0,0,1,0,2,1,0,0,0,0,1,0,0,1,0,0,0,0,0,0,0,0
290,2703,363,36,17,1,1,3,0,1,20,181,0,2,3,17,0,9,2,2,0,21,6,22,2,5,0,1,0,0,0,0,3,0,8,0,0,0,0,0,0,0,0,0,0,0,0,0,0,0,0,0
295,2744,326,27,4,0,0,1,0,0,3,202,0,7,3,22,0,15,2,2,0,15,2,2,0,9,0,1,1,0,0,0,7,0,1,0,0,0,0,0,0,0,0,0,0,0,0,0,0,0,0,0
300,2806,299,23,13,0,0,1,2,0,11,171,0,2,5,19,0,1,11,1,0,10,6,13,0,2,1,0,0,0,2,0,3,0,2,0,0,0,0,0,0,0,0,0,0,0,0,0,0,0,0,0
305,2888,370,39,24,2,0,1,0,1,36,188,0,0,2,14,0,7,4,1,1,6,23,17,0,3,0,0,0,0,0,0,1,0,0,0,0,0,0,0,0,0,0,0,0,0,0,0,0,0,0,0
310,2970,373,29,16,0,0,1,0,0,14,210,0,1,9,22,0,6,4,4,0,19,5,13,0,3,0,1,0,1,0,0,2,0,10,0,0,3,0,0,0,0,0,0,0,0,0,0,0,0,0,0
315,3053,335,47,1,0,0,1,0,0,7,174,0,3,6,30,0,21,4,1,0,14,5,6,0,5,2,2,1,0,0,0,2,0,2,0,0,0,0,1,0,0,0,0,0,0,0,0,0,0,0,0
320,3135,337,29,27,0,0,1,0,1,30,150,0,3,9,15,0,6,3,1,0,16,3,24,0,5,2,0,0,0,1,0,7,0,4,0,0,0,0,0,0,0,0,0,0,0,0,0,0,0,0,0
325,3217,332,43,4,0,0,1,0,1,14,160,0,3,9,17,0,13,2,2,1,9,4,11,0,11,2,2,0,0,1,0,8,0,12,0,0,0,1,0,0,1,0,0,0,0,0,0,0,0,0,0
330,3299,323,35,9,0,1,0,0,0,12,154,0,2,6,22,0,8,0,0,0,26,0,13,0,13,2,1,0,0,0,0,8,0,10,0,0,0,0,0,0,0,0,0,1,0,0,0,0,0,0,0
335,3381,338,45,2,0,1,1,0,0,8,178,0,0,5,22,1,10,3,2,0,17,4,15,0,11,1,2,2,0,3,0,4,0,0,0,0,0,0,0,0,1,0,0,0,0,0,0,0,0,0,0
340,3463,297,39,13,1,0,1,1,0,21,126,0,3,6,15,0,2,9,0,0,19,7,12,3,4,2,0,0,0,1,0,4,0,3,1,1,1,2,0,0,0,0,0,0,0,0,0,0,0,0,0
345,3545,446,47,33,0,0,4,0,3,26,187,0,1,4,20,1,21,2,3,2,13,14,38,1,9,0,1,0,0,1,0,8,0,5,0,0,2,0,0,0,0,0,0,0,0,0,0,0,0,0,0
350,3627,368,38,11,0,1,3,0,3,13,189,0,0,7,19,0,11,5,2,0,22,6,22,0,6,0,3,0,0,0,0,4,0,3,0,0,0,0,0,0,0,0,0,0,0,0,0,0,0,0,0
355,3709,306,39,5,0,0,1,0,1,11,125,0,4,3,30,0,21,0,2,1,28,3,3,1,7,3,4,0,0,0,0,4,0,10,0,0,0,0,0,0,0,0,0,0,0,0,0,0,0,0,0
360,3791,421,38,13,0,2,0,0,5,27,204,0,3,2,18,0,4,2,2,0,36,11,29,1,7,2,1,0,0,3,0,8,0,3,0,0,0,0,0,0,0,0,0,0,0,0,0,0,0,0,0
365,3873,340,32,23,0,0,0,0,4,27,156,0,2,8,20,0,14,5,1,0,18,4,12,2,1,1,0,0,0,0,0,6,0,3,0,0,0,0,1,0,0,0,0,0,0,0,0,0,0,0,0
370,3956,395,27,7,0,0,4,0,0,5,208,0,2,6,27,0,12,0,1,0,50,3,19,0,6,1,0,0,0,0,0,7,0,9,0,0,1,0,0,0,0,0,0,0,0,0,0,0,0,0,0
375,4038,283,19,6,0,1,0,0,0,10,105,0,5,4,21,0,39,2,1,0,32,6,10,0,11,1,1,0,0,0,0,3,0,6,0,0,0,0,0,0,0,0,0,0,0,0,0,0,0,0,0
380,4120,326,15,15,0,1,1,2,0,20,188,0,5,5,12,0,8,5,4,0,12,4,6,0,7,1,5,0,1,0,0,3,0,2,0,1,0,3,0,0,0,0,0,0,0,0,0,0,0,0,0
385,4202,340,7,21,0,0,1,0,1,10,210,0,2,7,13,0,13,0,0,0,13,8,8,0,9,0,0,0,0,0,0,7,0,7,0,0,1,2,0,0,0,0,0,0,0,0,0,0,0,0,0
390,4284,356,18,10,0,0,4,0,0,10,232,0,1,6,10,0,8,0,0,0,13,3,20,1,5,1,2,1,0,0,0,6,0,4,1,0,0,0,0,0,0,0,0,0,0,0,0,0,0,0,0
395,4366,353,12,15,1,0,1,0,0,17,219,0,2,3,23,0,11,2,3,0,9,4,13,0,5,0,1,0,0,1,0,5,0,4,0,0,2,0,0,0,0,0,0,0,0,0,0,0,0,0,0
400,4448,362,18,14,0,0,0,0,1,26,221,0,0,3,16,0,8,1,2,0,17,6,11,0,5,1,0,1,0,0,0,4,0,1,0,0,0,0,0,0,0,0,0,0,6,0,0,0,0,0,0
405,4496,340,15,14,0,0,3,0,2,20,189,0,3,4,25,0,6,1,0,0,24,2,10,2,7,0,0,0,2,2,0,7,0,1,0,0,0,1,0,0,0,0,0,0,0,0,0,0,0,0,0
410,4543,350,6,8,0,0,1,0,0,8,203,0,3,7,15,0,18,0,4,0,25,1,15,0,13,0,1,0,0,0,0,7,0,14,0,0,1,0,0,0,0,0,0,0,0,0,0,0,0,0,0
415,4591,334,4,16,0,0,1,0,0,16,201,0,6,8,11,0,12,3,2,0,26,4,7,0,5,0,0,0,0,0,0,7,0,5,0,0,0,0,0,0,0,0,0,0,0,0,0,0,0,0,0
420,4639,321,16,13,0,0,1,1,0,8,178,0,1,2,21,0,6,2,5,1,27,2,5,1,3,6,6,1,0,0,0,5,0,0,1,0,0,9,0,0,0,0,0,0,0,0,0,0,0,0,0
425,4686,398,11,31,0,1,2,0,3,26,233,0,4,5,18,0,12,2,1,0,16,4,15,0,8,1,0,0,0,0,0,2,0,3,0,0,0,0,0,0,0,0,0,0,0,0,0,0,0,0,0
430,4734,320,5,16,0,0,3,0,1,13,195,0,3,7,9,0,10,1,0,0,18,5,13,0,6,0,0,0,0,0,0,6,0,8,0,0,1,0,0,0,0,0,0,0,0,0,0,0,0,0,0
435,4781,363,9,20,0,1,4,0,0,20,214,0,4,8,10,0,14,1,2,0,11,12,9,0,10,0,0,0,1,0,0,5,0,3,0,0,1,4,0,0,0,0,0,0,0,0,0,0,0,0,0
440,4829,323,11,16,0,0,1,0,4,24,196,0,2,2,17,0,5,5,0,0,7,6,12,0,3,1,1,0,0,0,0,8,0,1,0,0,0,0,0,1,0,0,0,0,0,0,0,0,0,0,0
445,4877,333,4,21,0,0,0,0,0,32,183,0,2,3,25,0,3,4,2,0,9,9,14,0,7,0,0,0,1,0,0,9,0,5,0,0,0,0,0,0,0,0,0,0,0,0,0,0,0,0,0
450,4924,343,5,12,0,0,0,0,0,10,231,0,3,5,20,0,6,1,1,0,13,5,10,0,7,0,5,0,0,0,0,3,0,4,0,0,1,1,0,0,0,0,0,0,0,0,0,0,0,0,0
455,4972,302,12,12,0,0,1,0,0,11,193,0,2,7,9,0,10,0,2,0,5,5,10,0,8,0,3,1,0,0,0,4,0,5,0,0,2,0,0,0,0,0,0,0,0,0,0,0,0,0,0
460,5019,305,13,17,2,0,1,1,0,7,189,0,1,8,15,0,9,5,1,0,5,9,13,1,2,4,0,0,0,0,0,1,0,1,0,0,0,0,0,0,0,0,0,0,0,0,0,0,0,0,0
465,5067,318,13,9,0,0,1,0,2,13,205,0,2,5,24,0,8,1,2,0,10,4,8,1,2,1,2,0,0,0,0,3,0,2,0,0,0,0,0,0,0,0,0,0,0,0,0,0,0,0,0
470,5115,325,6,10,0,0,0,0,0,4,219,0,5,2,18,0,7,2,0,1,9,8,11,0,12,0,1,1,0,0,0,3,0,6,0,0,0,0,0,0,0,0,0,0,0,0,0,0,0,0,0
475,5162,438,20,10,0,0,0,0,1,19,300,0,4,3,24,0,8,3,0,0,15,11,8,0,5,0,0,0,0,0,0,4,0,1,0,0,0,0,0,2,0,0,0,0,0,0,0,0,0,0,0
480,5210,392,10,12,2,2,1,0,0,20,238,0,3,4,18,1,13,0,1,0,8,13,12,0,12,2,0,1,0,1,0,9,0,8,0,0,0,0,0,0,1,0,0,0,0,0,0,0,0,0,0
485,5257,351,14,17,0,1,1,0,3,11,210,0,3,7,18,0,8,4,0,0,8,8,12,0,12,1,0,1,1,0,0,6,0,4,1,0,0,0,0,0,0,0,0,0,0,0,0,0,0,0,0
490,5305,315,10,9,0,0,0,0,1,5,229,0,3,4,16,0,3,0,0,0,4,5,5,0,17,0,0,0,0,0,0,0,0,4,0,0,0,0,0,0,0,0,0,0,0,0,0,0,0,0,0
495,5353,321,5,13,0,0,0,0,0,11,212,0,2,1,22,0,9,3,0,0,5,9,11,0,13,0,0,0,0,0,0,5,0,0,0,0,0,0,0,0,0,0,0,0,0,0,0,0,0,0,0
500,5400,330,19,23,0,1,2,2,0,10,198,0,6,7,14,0,5,6,10,0,2,6,7,1,1,5,0,0,0,0,0,3,0,1,0,0,0,1,0,0,0,0,0,0,0,0,0,0,0,0,0
505,5466,339,15,11,0,0,2,0,1,11,226,1,5,2,19,0,9,0,1,0,5,4,13,0,10,0,0,0,0,0,0,0,0,1,0,0,1,2,0,0,0,0,0,0,0,0,0,0,0,0,0
510,5531,352,4,7,0,2,3,0,0,14,221,0,3,2,24,0,19,0,0,0,2,8,8,0,20,1,0,0,0,1,0,2,0,8,0,0,2,1,0,0,0,0,0,0,0,0,0,0,0,0,0
515,5596,315,11,10,0,0,1,0,0,10,210,0,4,5,23,0,10,1,2,0,3,4,9,0,9,1,1,1,0,0,0,0,0,0,0,0,0,0,0,0,0,0,0,0,0,0,0,0,0,0,0
520,5662,341,5,17,0,0,0,0,0,15,207,0,1,8,19,0,13,0,1,0,5,14,12,0,19,0,0,0,0,0,0,4,0,1,0,0,0,0,0,0,0,0,0,0,0,0,0,0,0,0,0
525,5727,329,12,13,1,1,0,0,0,19,210,0,0,11,19,0,6,1,0,0,4,15,7,0,7,0,0,0,0,0,0,1,0,1,0,0,0,0,0,1,0,0,0,0,0,0,0,0,0,0,0
530,5792,320,9,9,0,0,0,0,0,9,214,0,3,5,23,0,11,0,0,1,5,6,8,0,12,0,0,1,0,0,0,1,0,3,0,0,0,0,0,0,0,0,0,0,0,0,0,0,0,0,0
535,5858,359,3,15,0,1,0,0,0,20,235,0,4,6,13,0,8,1,0,0,1,31,12,0,5,0,0,0,0,0,0,3,0,1,0,0,0,0,0,0,0,0,0,0,0,0,0,0,0,0,0
540,5923,327,18,16,2,0,1,0,0,6,184,0,6,14,9,0,7,4,1,0,6,13,9,3,3,8,0,0,1,0,0,3,1,0,0,1,1,7,0,2,0,0,0,0,0,1,0,0,0,0,0
545,5988,334,8,10,0,0,0,0,1,11,220,0,1,11,12,0,13,0,0,0,4,20,12,0,6,0,0,0,0,0,0,3,0,0,0,0,2,0,0,0,0,0,0,0,0,0,0,0,0,0,0
550,6054,331,0,15,0,0,2,0,0,0,226,0,4,4,12,0,6,0,0,0,1,13,19,0,16,0,0,0,0,0,0,6,0,5,0,0,1,1,0,0,0,0,0,0,0,0,0,0,0,0,0
555,6119,312,8,5,1,0,1,0,0,9,189,0,4,7,18,0,9,1,3,0,6,13,19,2,6,0,0,0,0,0,0,10,0,0,0,0,0,1,0,0,0,0,0,0,0,0,0,0,0,0,0
560,6184,343,4,19,0,0,0,0,0,13,206,0,7,5,17,0,7,1,3,0,3,15,17,0,7,1,0,0,0,0,0,8,0,7,0,0,1,2,0,0,0,0,0,0,0,0,0,0,0,0,0
565,6250,311,4,10,1,0,0,0,0,8,206,0,1,6,16,0,12,3,0,0,1,21,8,0,11,0,0,0,0,0,0,1,0,0,0,0,1,1,0,0,0,0,0,0,0,0,0,0,0,0,0
570,6315,439,12,21,2,1,2,0,0,7,286,0,4,10,18,0,6,1,1,0,1,26,8,5,5,5,2,0,5,0,0,0,0,6,3,0,2,0,0,0,0,0,0,0,0,0,0,0,0,0,0
575,6381,314,4,8,0,0,2,0,0,8,200,0,3,6,20,0,10,1,0,0,2,13,25,0,8,0,0,1,2,0,0,0,0,0,0,0,0,0,0,1,0,0,0,0,0,0,0,0,0,0,0
580,6446,322,8,11,0,0,4,0,0,8,197,0,3,12,11,0,9,0,0,0,2,15,26,0,7,0,0,0,1,1,0,4,0,1,0,0,0,2,0,0,0,0,0,0,0,0,0,0,0,0,0
585,6511,300,7,7,0,3,4,0,0,12,194,0,1,6,8,0,8,1,0,0,1,18,16,0,9,0,0,0,0,0,0,2,0,2,0,0,0,0,0,1,0,0,0,0,0,0,0,0,0,0,0
590,6577,316,0,7,0,0,3,0,0,0,219,0,0,11,7,0,13,0,3,0,1,12,20,0,6,0,0,0,0,0,0,4,0,9,0,0,1,0,0,0,0,0,0,0,0,0,0,0,0,0,0
595,6642,356,10,12,0,0,2,0,0,8,246,0,1,5,6,0,6,1,0,0,5,23,16,0,10,1,0,0,1,0,0,1,0,0,0,0,2,0,0,0,0,0,0,0,0,0,0,0,0,0,0
600,6736,331,5,16,1,0,3,0,0,8,211,0,2,8,9,0,3,0,0,1,4,10,30,0,12,0,0,0,0,0,0,7,0,1,0,0,0,0,0,0,0,0,0,0,0,0,0,0,0,0,0
605,6858,332,7,14,2,0,2,0,0,7,209,0,1,9,10,0,12,0,0,0,2,14,26,0,9,0,0,2,1,0,0,4,0,1,0,0,0,0,0,0,0,0,0,0,0,0,0,0,0,0,0
610,6981,324,10,9,0,0,2,0,0,2,234,0,2,7,6,0,8,1,3,0,0,4,3,9,6,2,3,0,0,0,0,0,0,8,1,0,1,0,0,0,1,0,0,0,0,0,2,0,0,0,0
615,7103,350,11,17,0,0,1,0,1,12,213,0,3,10,13,0,6,0,0,0,1,23,17,0,15,0,0,1,0,0,0,2,0,0,0,0,3,0,0,1,0,0,0,0,0,0,0,0,0,0,0
620,7225,336,2,10,0,1,1,0,0,7,244,0,2,4,9,0,3,0,2,0,1,7,16,0,12,0,0,0,0,0,0,12,0,3,0,0,0,0,0,0,0,0,0,0,0,0,0,0,0,0,0
625,7348,386,12,6,0,0,1,0,1,13,274,0,3,8,5,0,8,1,2,0,0,25,7,0,18,0,0,0,0,0,0,1,0,0,0,0,1,0,0,0,0,0,0,0,0,0,0,0,0,0,0
630,7470,305,6,3,0,1,2,0,0,7,184,0,5,5,23,0,4,4,5,0,0,11,9,0,0,19,0,2,0,0,0,3,0,5,2,0,1,4,0,0,0,0,0,0,0,0,0,0,0,0,0
635,7593,358,11,4,0,0,0,0,1,10,246,0,5,3,19,0,16,2,0,0,0,9,13,0,10,0,0,0,0,0,0,9,0,0,0,0,0,0,0,0,0,0,0,0,0,0,0,0,0,0,0
640,7715,311,9,4,0,0,1,0,0,7,208,0,4,10,19,0,6,0,2,0,0,2,22,0,14,0,0,1,0,0,0,1,0,1,0,0,0,0,0,0,0,0,0,0,0,0,0,0,0,0,0
645,7837,344,8,4,0,1,0,0,0,16,240,0,1,7,21,0,7,0,1,0,0,14,12,0,7,2,0,0,0,0,0,1,0,2,0,0,0,0,0,0,0,0,0,0,0,0,0,0,0,0,0
650,7960,303,5,7,0,1,1,5,0,0,215,0,1,10,8,0,3,0,2,0,0,18,0,2,5,1,1,0,2,0,0,0,0,10,0,5,0,0,0,0,0,0,0,0,0,0,0,1,0,0,0
655,8082,313,4,2,0,1,0,0,0,9,221,0,2,9,13,0,13,0,1,0,0,12,8,0,9,0,0,0,0,0,0,3,0,5,0,0,1,0,0,0,0,0,0,0,0,0,0,0,0,0,0
660,8204,330,7,0,0,2,0,0,0,10,236,0,3,7,17,0,6,0,2,0,0,5,8,0,20,0,0,0,0,0,0,0,0,6,0,0,0,1,0,0,0,0,0,0,0,0,0,0,0,0,0
665,8327,322,4,2,0,0,1,0,0,17,232,0,2,5,11,0,13,0,1,0,0,10,3,0,12,0,0,0,0,0,0,2,0,5,1,0,1,0,0,0,0,0,0,0,0,0,0,0,0,0,0
670,8449,310,3,3,0,1,0,2,0,8,211,0,8,6,17,0,1,7,5,0,0,5,4,2,5,12,0,0,0,0,0,0,0,7,0,0,0,3,0,0,0,0,0,0,0,0,0,0,0,0,0
675,8572,317,11,1,0,0,0,0,0,25,197,0,6,5,14,0,16,3,6,0,0,5,7,0,8,2,0,0,1,0,0,2,0,2,0,0,2,4,0,0,0,0,0,0,0,0,0,0,0,0,0
680,8694,348,6,0,0,1,0,0,2,13,238,0,3,8,18,0,18,0,1,0,0,3,8,2,8,2,0,3,0,0,0,6,0,8,0,0,0,0,0,0,0,0,0,0,0,0,0,0,0,0,0
685,8816,336,6,2,0,1,1,0,1,26,233,0,3,5,17,0,3,3,4,0,0,5,3,0,6,1,0,1,0,0,0,0,0,13,0,0,1,1,0,0,0,0,0,0,0,0,0,0,0,0,0
690,8939,358,8,3,0,1,0,0,0,7,270,0,7,6,13,0,7,3,3,0,0,4,1,2,2,0,0,0,0,0,0,0,0,11,0,6,2,2,0,0,0,0,0,0,0,0,0,0,0,0,0
695,9061,326,8,0,0,0,0,0,1,39,217,0,6,4,16,0,3,1,2,0,0,5,5,0,3,1,0,1,0,0,0,2,0,8,0,0,3,1,0,0,0,0,0,0,0,0,0,0,0,0,0
700,9184,348,5,0,0,0,1,0,0,17,240,0,3,12,22,0,7,0,2,0,0,6,4,0,9,1,0,0,0,0,0,1,0,14,0,0,1,3,0,0,0,0,0,0,0,0,0,0,0,0,0
705,9306,380,8,0,0,0,2,0,0,53,219,0,5,8,19,0,6,1,4,0,1,14,6,0,15,1,0,0,0,0,0,5,0,12,0,0,0,1,0,0,0,0,0,0,0,0,0,0,0,0,0
710,9428,343,14,0,2,1,0,5,0,26,219,0,5,7,16,0,0,8,2,0,0,7,2,3,3,9,0,0,1,0,0,1,0,9,0,0,1,2,0,0,0,0,0,0,0,0,0,0,0,0,0
715,9551,361,6,0,0,2,0,0,0,41,256,0,2,0,17,0,9,3,3,0,1,5,2,0,14,0,0,0,0,0,0,0,0,0,0,0,0,0,0,0,0,0,0,0,0,0,0,0,0,0,0
720,9673,375,11,0,0,1,1,0,1,63,233,0,1,5,16,0,9,2,2,0,1,8,1,0,20,0,0,0,0,0,0,0,0,0,0,0,0,0,0,0,0,0,0,0,0,0,0,0,0,0,0
725,9795,327,11,1,0,0,0,0,2,37,221,0,8,3,9,0,10,1,1,0,0,4,2,0,13,0,0,0,1,0,0,2,0,1,0,0,0,0,0,0,0,0,0,0,0,0,0,0,0,0,0
730,9918,318,19,2,0,1,1,10,0,25,208,0,4,2,14,0,1,4,1,0,0,7,1,2,4,7,0,0,0,0,0,0,0,1,0,0,0,3,0,0,0,1,0,0,0,0,0,0,0,0,0
735,10040,327,8,0,1,1,0,2,1,48,218,0,4,5,8,0,6,0,2,0,0,10,1,0,10,0,0,0,0,0,0,2,0,0,0,0,0,0,0,0,0,0,0,0,0,0,0,0,0,0,0
740,10163,342,8,0,0,0,0,1,1,67,198,0,5,4,18,0,7,2,0,0,1,10,0,0,14,0,0,0,0,0,0,3,0,0,0,0,1,2,0,0,0,0,0,0,0,0,0,0,0,0,0
745,10285,341,12,0,0,0,0,2,2,70,190,0,5,4,12,0,14,4,1,0,1,6,2,0,11,0,0,0,0,0,0,2,0,0,0,0,0,3,0,0,0,0,0,0,0,0,0,0,0,0,0
750,10407,328,16,0,0,0,0,0,22,63,178,0,0,1,8,0,3,2,4,0,0,22,1,0,7,0,0,0,0,0,0,0,0,0,0,0,0,0,0,0,0,0,0,0,1,0,0,0,0,0,0
755,10530,328,8,0,0,0,0,0,15,107,136,0,3,6,1,0,11,0,1,0,0,24,3,0,11,0,0,0,0,0,0,0,0,2,0,0,0,0,0,0,0,0,0,0,0,0,0,0,0,0,0
760,10652,326,7,0,0,0,0,0,23,112,143,0,0,4,1,0,1,3,2,0,0,16,0,0,12,0,0,0,0,0,0,0,0,0,0,0,1,0,0,0,0,0,0,0,1,0,0,0,0,0,0
765,10775,328,7,0,0,0,0,0,6,117,102,0,2,2,1,0,9,3,1,0,0,60,1,0,9,0,0,0,1,0,0,3,0,2,0,0,1,0,0,0,0,0,0,0,1,0,0,0,0,0,0
770,10897,336,14,0,0,0,0,0,16,154,108,0,0,1,2,0,1,1,0,0,0,27,0,0,10,0,1,0,0,0,0,1,0,0,0,0,0,0,0,0,0,0,0,0,0,0,0,0,0,0,0
775,10917,335,28,1,1,1,1,0,8,145,105,0,0,4,2,0,8,0,0,0,0,10,0,0,16,0,0,0,0,0,0,4,0,0,0,0,0,0,1,0,0,0,0,0,0,0,0,0,0,0,0
780,10937,463,27,1,2,1,1,0,23,232,134,0,1,2,5,0,4,0,1,0,0,5,1,0,9,0,0,0,0,0,0,7,0,1,0,2,0,0,0,1,0,0,0,0,0,0,0,0,3,0,0
785,10957,349,27,0,0,0,0,0,24,193,74,0,5,2,4,0,2,1,1,0,0,4,0,0,5,0,0,0,0,0,0,6,0,0,0,0,0,0,0,0,0,0,0,0,0,0,0,0,1,0,0
787.5,10967,387,70,0,2,0,0,0,7,107,104,0,0,4,14,0,5,32,0,0,0,17,0,0,15,1,0,0,0,0,0,8,0,0,0,0,1,0,0,0,0,0,0,0,0,0,0,0,0,0,0
790,11230,477,85,0,0,0,0,0,20,124,70,0,3,6,23,0,68,7,6,0,0,2,0,0,20,2,2,0,0,0,0,9,0,8,0,6,0,0,0,0,0,0,0,0,2,0,0,0,14,0,0
792.5,11493,310,30,0,3,0,2,0,1,162,57,0,2,2,8,0,4,14,2,0,0,14,0,0,3,0,0,0,0,0,0,1,0,0,0,1,0,0,0,0,0,0,0,0,0,0,0,0,4,0,0
795,11741,318,79,0,0,1,0,0,0,13,72,0,0,7,26,0,12,12,1,0,0,2,0,0,73,0,0,0,0,0,0,0,0,3,0,0,0,0,0,0,0,0,0,0,0,0,0,0,17,0,0
797.5,11933,288,54,0,0,0,0,0,0,119,22,0,1,0,29,0,5,17,0,0,0,13,0,0,2,0,0,0,0,0,0,1,0,0,0,3,0,0,0,0,0,0,0,0,0,0,0,0,22,0,0
800,12125,308,61,0,0,0,0,0,1,28,30,0,0,2,93,0,5,25,0,0,0,8,0,0,6,0,0,0,0,0,0,0,0,0,0,4,0,0,0,0,0,0,0,0,0,0,0,0,45,0,0
802.5,12317,284,38,0,0,0,0,0,0,97,4,0,0,0,78,0,0,5,0,0,0,0,0,0,0,0,0,0,0,0,0,0,0,0,0,25,0,0,0,0,0,0,0,0,0,0,0,0,37,0,0
805,12509,302,18,0,0,0,0,0,0,63,20,0,4,1,120,0,9,11,3,0,0,3,0,0,7,0,2,0,0,0,0,0,0,0,0,10,0,0,0,0,0,0,0,0,0,0,0,0,31,0,0
807.5,12702,337,21,0,1,0,0,0,2,154,9,0,1,1,74,0,2,4,1,0,0,7,0,0,4,0,0,1,0,0,0,0,0,0,0,17,0,0,0,0,0,0,0,0,0,0,0,0,37,1,0
810,12894,313,9,0,0,0,0,0,0,140,19,0,2,0,72,0,5,6,2,0,0,0,0,0,7,0,0,1,0,0,0,0,0,1,0,15,0,0,0,0,0,0,0,0,0,0,0,0,34,0,0
812.5,13086,394,11,0,1,0,0,0,0,199,27,0,3,1,56,0,7,4,1,0,0,0,0,0,22,2,0,0,0,0,0,1,0,0,0,13,0,0,1,0,0,0,0,0,0,0,0,0,45,0,0
815,13327,367,16,0,2,0,0,0,0,145,57,0,0,1,31,0,12,7,9,0,0,0,3,0,35,2,0,0,0,0,0,0,0,0,0,10,0,0,0,0,0,0,0,0,0,0,0,0,37,0,0
817.5,13568,322,12,0,3,0,0,0,0,140,52,0,5,1,18,0,8,9,5,0,0,0,1,0,31,2,0,0,0,0,0,1,0,0,0,8,0,0,1,0,0,0,0,0,0,0,0,0,25,0,0
820,13808,321,12,0,0,0,0,0,0,135,53,0,2,0,14,0,7,7,4,0,0,0,0,0,34,0,0,0,0,0,0,0,0,1,0,14,0,0,0,0,0,0,0,0,0,0,0,0,38,0,0
822.5,14049,296,15,1,0,0,0,0,0,137,37,0,1,1,9,0,6,3,2,0,0,0,1,0,21,0,0,0,0,0,0,0,0,0,0,13,0,0,1,0,0,0,1,0,0,0,0,0,47,0,0
825,14290,352,11,0,0,0,0,0,3,129,85,0,3,0,13,0,17,9,12,0,0,0,0,0,29,3,0,1,0,0,0,0,0,2,0,5,0,0,2,0,0,0,1,0,13,0,0,0,14,0,0
827.5,14531,267,13,0,1,0,0,0,0,98,0,0,2,0,17,0,32,4,1,0,0,0,0,0,30,0,2,0,0,0,0,0,0,5,0,19,0,0,0,0,0,0,0,0,0,0,0,0,43,0,0
830,14772,297,9,0,2,1,0,0,0,98,32,0,3,1,11,0,4,3,3,0,0,0,3,0,30,1,0,1,1,0,0,0,0,0,0,35,0,0,0,0,0,0,0,0,0,0,0,0,59,0,0
832.5,15012,382,32,0,0,0,0,0,0,97,73,0,19,0,12,0,20,0,19,0,0,0,0,0,21,9,0,0,0,0,0,0,0,0,0,27,0,0,1,0,0,0,0,0,24,0,0,0,28,0,0
835,NA,183,10,1,2,0,0,0,0,62,32,0,3,1,15,0,1,2,1,0,0,0,0,0,15,5,1,0,0,0,0,0,0,0,0,8,0,0,2,0,0,0,0,0,0,0,0,0,22,0,0
837.5,NA,345,15,0,0,0,0,0,0,137,32,0,4,0,27,0,0,1,5,0,1,0,0,0,3,13,0,0,0,0,0,0,0,0,0,17,0,0,1,0,0,0,0,0,78,0,0,0,11,0,0
840,NA,328,3,0,3,0,0,0,0,161,23,0,10,0,46,0,1,5,4,0,0,0,0,0,7,20,2,0,0,0,0,0,0,0,0,5,0,0,3,0,0,0,0,0,8,0,0,0,26,1,0
845,NA,424,4,1,8,0,0,0,0,138,26,0,20,1,29,0,0,8,4,0,0,0,0,0,15,28,1,2,0,0,0,0,0,0,0,5,0,4,3,1,0,0,0,0,117,0,1,0,7,1,0
850,NA,406,3,0,3,0,0,0,0,198,19,0,4,1,14,0,0,0,7,0,0,0,0,0,3,5,0,0,0,0,0,0,0,0,0,8,0,0,3,2,0,0,0,0,62,0,0,0,73,1,0
860,NA,383,0,3,0,0,0,0,0,172,23,0,10,0,35,0,0,1,1,0,0,0,0,0,3,17,0,2,0,0,0,0,0,2,0,6,0,5,4,1,0,0,0,0,78,0,0,0,18,2,0
870,NA,426,2,0,0,0,0,0,0,132,4,0,8,0,55,0,0,4,12,0,0,0,0,0,2,5,0,2,0,0,0,0,0,0,0,13,0,0,1,2,0,0,0,0,184,0,0,0,0,0,0
880,NA,413,8,0,3,0,0,0,0,72,8,0,12,0,66,0,1,0,11,0,0,0,0,0,4,13,0,1,0,0,0,0,0,0,0,6,0,0,6,4,0,0,0,0,198,0,0,0,0,0,0
890,NA,126,3,0,0,0,0,0,0,3,4,0,12,0,40,0,0,7,15,0,0,0,0,0,0,17,8,2,0,0,0,0,0,0,0,0,0,2,5,0,0,0,0,0,0,0,0,0,0,8,0
900,NA,233,13,4,4,0,4,0,0,59,12,0,4,0,9,0,0,9,0,0,0,9,2,0,2,4,0,0,0,0,0,0,0,0,0,2,0,1,0,0,0,0,0,0,93,0,0,0,2,0,0
910,NA,196,14,0,0,0,0,0,1,10,13,0,8,2,17,0,3,2,17,0,1,0,0,0,5,28,0,0,0,0,0,2,0,1,0,0,0,1,8,0,0,0,0,0,55,0,0,0,0,8,0
920,NA,388,7,0,2,0,0,0,0,201,14,0,8,0,17,0,0,0,1,0,0,1,0,0,1,11,0,0,0,0,0,0,0,1,0,3,0,4,9,0,0,0,0,0,87,0,0,0,21,0,0
930,NA,262,2,0,1,0,0,0,0,110,9,0,10,0,8,0,0,1,2,0,0,1,0,0,1,6,0,1,1,0,0,1,0,0,0,0,0,1,10,0,0,0,0,0,89,0,1,0,6,0,1
940,NA,249,2,0,5,0,0,0,0,161,4,0,1,0,4,0,0,0,0,0,0,0,0,0,0,5,0,1,0,0,0,0,0,0,0,1,0,1,3,0,0,0,0,0,59,0,0,0,2,0,0
950,NA,94,5,0,0,0,0,0,0,12,3,0,1,0,2,0,0,0,5,0,0,0,0,0,0,8,0,0,0,0,0,0,0,0,0,0,0,0,0,1,0,0,0,0,57,0,0,0,0,0,0
960,NA,106,1,0,0,0,0,0,0,13,2,0,1,1,5,0,0,1,3,0,0,1,0,0,0,3,8,0,0,0,0,0,0,0,0,2,0,4,0,2,0,0,0,0,59,0,0,0,0,0,0
970,NA,504,5,0,0,0,0,0,0,136,8,0,12,2,13,0,0,2,10,0,0,0,0,0,0,24,1,0,0,0,0,0,0,1,0,11,0,0,10,0,0,0,0,0,262,0,0,0,2,5,0
980,NA,148,1,0,0,0,0,0,0,53,0,0,2,0,7,0,0,0,5,0,0,0,0,0,0,5,0,2,0,0,0,0,0,0,0,4,0,1,0,0,0,0,0,0,63,0,0,0,4,1,0
990,NA,65,7,0,0,0,0,0,0,17,1,0,10,0,4,0,0,2,2,0,0,0,0,0,0,0,0,0,0,0,0,0,0,0,0,0,0,0,1,0,0,0,0,0,21,0,0,0,0,0,0
1000,NA,148,2,0,3,0,0,0,0,85,11,0,3,0,4,0,0,0,5,0,0,0,1,0,0,1,0,0,0,0,0,0,0,0,0,4,0,2,2,0,0,0,0,0,21,0,0,0,4,0,0
1010,NA,33,1,0,0,0,0,0,0,10,0,0,5,0,1,0,0,0,0,0,0,0,0,0,0,1,0,0,0,0,0,0,0,0,0,1,0,0,0,0,0,0,0,0,14,0,0,0,0,0,0
1020,NA,30,1,0,0,0,0,0,0,10,0,0,2,0,2,0,0,0,5,0,0,0,0,0,0,0,0,0,0,0,0,0,0,0,0,2,0,0,1,0,0,0,0,0,7,0,0,0,0,0,0
1030,NA,96,6,0,0,0,0,0,0,37,6,0,1,0,5,0,0,0,4,0,0,0,0,0,0,2,1,0,0,0,0,0,0,0,0,5,0,0,1,0,0,0,0,0,25,0,0,0,3,0,0
1040,NA,32,3,0,0,0,0,0,0,4,0,0,2,0,3,0,0,0,5,0,0,0,0,0,1,0,0,0,0,0,0,0,0,1,0,1,0,0,0,0,0,0,0,0,12,0,0,0,0,0,0
1050,NA,198,13,0,4,0,0,0,0,41,3,0,10,0,4,0,0,0,13,0,0,0,0,0,1,1,0,0,0,0,0,0,0,0,0,5,0,1,5,0,0,0,1,0,96,0,0,0,0,0,0
1060,NA,45,0,0,0,0,0,0,0,14,1,0,2,0,2,0,0,0,5,0,0,0,0,0,0,1,0,0,0,0,0,0,0,0,0,0,0,2,1,0,0,0,0,0,17,0,0,0,0,0,0
1070,NA,100,3,0,0,0,0,0,0,16,1,0,2,0,6,0,0,0,13,0,0,0,0,0,0,3,0,0,0,0,0,0,0,0,0,3,0,0,4,0,0,0,0,0,48,0,0,0,0,1,0
